Title,URL,OriginURL,Comment
"Sao Kê Tháng 10/2020","https://docs.google.com/spreadsheets/d/e/2PACX-1vT1DZSu3RVPkgRfKiEURQ3VrhJFUSDVdK9wLX9V3TbTK7AUMiQ0ESiZ0lCkanlV0Q/pub?headers=false&gid=663300358&output=csv","https://docs.google.com/spreadsheets/d/e/2PACX-1vT1DZSu3RVPkgRfKiEURQ3VrhJFUSDVdK9wLX9V3TbTK7AUMiQ0ESiZ0lCkanlV0Q/pubhtml/sheet?headers=false&gid=663300358",""
"Sao Kê Tháng 11/2020","https://docs.google.com/spreadsheets/d/e/2PACX-1vTQHOHEBmsOhQoOQK8Lfw9y6-8P5pckZ6H6bA5PHj-bhqKfBqqb544wQ_xLYyV8mA/pub?headers=false&gid=193567076&output=csv","https://docs.google.com/spreadsheets/d/e/2PACX-1vTQHOHEBmsOhQoOQK8Lfw9y6-8P5pckZ6H6bA5PHj-bhqKfBqqb544wQ_xLYyV8mA/pubhtml/sheet?headers=false&gid=193567076",""
"Sao Kê Tháng 12/2020","https://docs.google.com/spreadsheets/d/e/2PACX-1vTqzjdynEjMpnQ4cOiwJtaWvnhcM8ScpGW9Br-oZBnXtEDFioP7mGaxbXL4XAKhSg/pub?headers=false&gid=598178515&output=csv","https://docs.google.com/spreadsheets/d/e/2PACX-1vTqzjdynEjMpnQ4cOiwJtaWvnhcM8ScpGW9Br-oZBnXtEDFioP7mGaxbXL4XAKhSg/pubhtml/sheet?headers=false&gid=598178515","Dư dữ liệu tháng 1/2021"
"Sao Kê Tháng 01/2021","https://docs.google.com/spreadsheets/d/e/2PACX-1vT3iBHEeYKp8WI91jfbxinasCVbTQa9zWHcap0TFjkh0eWUb29xOtY3_2LR_9_d5JSnurTv1i91lfd-/pub?headers=false&gid=162830251&output=csv","https://docs.google.com/spreadsheets/d/e/2PACX-1vT3iBHEeYKp8WI91jfbxinasCVbTQa9zWHcap0TFjkh0eWUb29xOtY3_2LR_9_d5JSnurTv1i91lfd-/pubhtml/sheet?headers=false&gid=162830251","Dữ liệu tổng hợp đầu sheet"
"Sao Kê Tháng 02/2021","https://docs.google.com/spreadsheets/d/e/2PACX-1vT3iBHEeYKp8WI91jfbxinasCVbTQa9zWHcap0TFjkh0eWUb29xOtY3_2LR_9_d5JSnurTv1i91lfd-/pub?headers=false&gid=762036153&output=csv","https://docs.google.com/spreadsheets/d/e/2PACX-1vT3iBHEeYKp8WI91jfbxinasCVbTQa9zWHcap0TFjkh0eWUb29xOtY3_2LR_9_d5JSnurTv1i91lfd-/pubhtml/sheet?headers=false&gid=762036153","Dữ liệu tổng hợp đầu sheet"
"Sao Kê Tháng 03/2021","https://docs.google.com/spreadsheets/d/e/2PACX-1vT3iBHEeYKp8WI91jfbxinasCVbTQa9zWHcap0TFjkh0eWUb29xOtY3_2LR_9_d5JSnurTv1i91lfd-/pub?headers=false&gid=1937819219&output=csv","https://docs.google.com/spreadsheets/d/e/2PACX-1vT3iBHEeYKp8WI91jfbxinasCVbTQa9zWHcap0TFjkh0eWUb29xOtY3_2LR_9_d5JSnurTv1i91lfd-/pubhtml/sheet?headers=false&gid=1937819219","Dữ liệu tổng hợp đầu sheet"
"Sao Kê Tháng 04/2021","https://docs.google.com/spreadsheets/d/e/2PACX-1vT3iBHEeYKp8WI91jfbxinasCVbTQa9zWHcap0TFjkh0eWUb29xOtY3_2LR_9_d5JSnurTv1i91lfd-/pub?headers=false&gid=1440421538&output=csv","https://docs.google.com/spreadsheets/d/e/2PACX-1vT3iBHEeYKp8WI91jfbxinasCVbTQa9zWHcap0TFjkh0eWUb29xOtY3_2LR_9_d5JSnurTv1i91lfd-/pubhtml/sheet?headers=false&gid=1440421538","Dữ liệu tổng hợp đầu sheet"
"Sao Kê Tháng 05/2021","https://docs.google.com/spreadsheets/d/e/2PACX-1vT3iBHEeYKp8WI91jfbxinasCVbTQa9zWHcap0TFjkh0eWUb29xOtY3_2LR_9_d5JSnurTv1i91lfd-/pub?headers=false&gid=848602733&output=csv","https://docs.google.com/spreadsheets/d/e/2PACX-1vT3iBHEeYKp8WI91jfbxinasCVbTQa9zWHcap0TFjkh0eWUb29xOtY3_2LR_9_d5JSnurTv1i91lfd-/pubhtml/sheet?headers=false&gid=848602733","Dữ liệu tổng hợp đầu sheet"
"Sao Kê Tháng 06/2021","https://docs.google.com/spreadsheets/d/e/2PACX-1vT3iBHEeYKp8WI91jfbxinasCVbTQa9zWHcap0TFjkh0eWUb29xOtY3_2LR_9_d5JSnurTv1i91lfd-/pub?headers=false&gid=1336647365&output=csv","https://docs.google.com/spreadsheets/d/e/2PACX-1vT3iBHEeYKp8WI91jfbxinasCVbTQa9zWHcap0TFjkh0eWUb29xOtY3_2LR_9_d5JSnurTv1i91lfd-/pubhtml/sheet?headers=false&gid=1336647365","Dữ liệu tổng hợp đầu sheet"
"Sao Kê Tháng 07/2021","https://docs.google.com/spreadsheets/d/e/2PACX-1vT3iBHEeYKp8WI91jfbxinasCVbTQa9zWHcap0TFjkh0eWUb29xOtY3_2LR_9_d5JSnurTv1i91lfd-/pub?headers=false&gid=196230992&output=csv","https://docs.google.com/spreadsheets/d/e/2PACX-1vT3iBHEeYKp8WI91jfbxinasCVbTQa9zWHcap0TFjkh0eWUb29xOtY3_2LR_9_d5JSnurTv1i91lfd-/pubhtml/sheet?headers=false&gid=196230992","Dữ liệu tổng hợp đầu sheet"
"Sao Kê Tháng 08/2021","https://docs.google.com/spreadsheets/d/e/2PACX-1vT3iBHEeYKp8WI91jfbxinasCVbTQa9zWHcap0TFjkh0eWUb29xOtY3_2LR_9_d5JSnurTv1i91lfd-/pub?headers=false&gid=799207459&output=csv","https://docs.google.com/spreadsheets/d/e/2PACX-1vT3iBHEeYKp8WI91jfbxinasCVbTQa9zWHcap0TFjkh0eWUb29xOtY3_2LR_9_d5JSnurTv1i91lfd-/pubhtml/sheet?headers=false&gid=799207459","Dữ liệu tổng hợp đầu sheet"
"Sao Kê Tháng 09/2021","https://docs.google.com/spreadsheets/d/e/2PACX-1vT3iBHEeYKp8WI91jfbxinasCVbTQa9zWHcap0TFjkh0eWUb29xOtY3_2LR_9_d5JSnurTv1i91lfd-/pub?headers=false&gid=618079527&output=csv","https://docs.google.com/spreadsheets/d/e/2PACX-1vT3iBHEeYKp8WI91jfbxinasCVbTQa9zWHcap0TFjkh0eWUb29xOtY3_2LR_9_d5JSnurTv1i91lfd-/pubhtml/sheet?headers=false&gid=618079527","Dữ liệu tổng hợp đầu sheet"
"Sao Kê Tháng 10/2021","https://docs.google.com/spreadsheets/d/e/2PACX-1vT3iBHEeYKp8WI91jfbxinasCVbTQa9zWHcap0TFjkh0eWUb29xOtY3_2LR_9_d5JSnurTv1i91lfd-/pub?headers=false&gid=1003533463&output=csv","https://docs.google.com/spreadsheets/d/e/2PACX-1vT3iBHEeYKp8WI91jfbxinasCVbTQa9zWHcap0TFjkh0eWUb29xOtY3_2LR_9_d5JSnurTv1i91lfd-/pubhtml/sheet?headers=false&gid=1003533463","Dữ liệu tổng hợp đầu sheet"
"Sao Kê Tháng 11/2021","https://docs.google.com/spreadsheets/d/e/2PACX-1vT3iBHEeYKp8WI91jfbxinasCVbTQa9zWHcap0TFjkh0eWUb29xOtY3_2LR_9_d5JSnurTv1i91lfd-/pub?headers=false&gid=1157822363&output=csv","https://docs.google.com/spreadsheets/d/e/2PACX-1vT3iBHEeYKp8WI91jfbxinasCVbTQa9zWHcap0TFjkh0eWUb29xOtY3_2LR_9_d5JSnurTv1i91lfd-/pubhtml/sheet?headers=false&gid=1157822363","Dữ liệu tổng hợp đầu sheet"
"Sao Kê Tháng 12/2021","https://docs.google.com/spreadsheets/d/e/2PACX-1vT3iBHEeYKp8WI91jfbxinasCVbTQa9zWHcap0TFjkh0eWUb29xOtY3_2LR_9_d5JSnurTv1i91lfd-/pub?headers=false&gid=1435901461&output=csv","https://docs.google.com/spreadsheets/d/e/2PACX-1vT3iBHEeYKp8WI91jfbxinasCVbTQa9zWHcap0TFjkh0eWUb29xOtY3_2LR_9_d5JSnurTv1i91lfd-/pubhtml/sheet?headers=false&gid=1435901461","Nhiều dữ liệu đầu bị sai ngày"
"Sao Kê Tháng 01/2022","https://docs.google.com/spreadsheets/d/e/2PACX-1vSR_w4N4FavsPkS8mqg2LwPTWo-mYOlc--QQPqq8seq_GFfxV9j8l-wcmcsAaqIwgFc-Kh3NCnWzvG_/pub?headers=false&gid=349996223&output=csv","https://docs.google.com/spreadsheets/d/e/2PACX-1vSR_w4N4FavsPkS8mqg2LwPTWo-mYOlc--QQPqq8seq_GFfxV9j8l-wcmcsAaqIwgFc-Kh3NCnWzvG_/pubhtml/sheet?headers=false&gid=349996223","Cột tham chiếu dư dữ liệu ngày - dữ liệu tổng hợp đầu sheet"
"Sao Kê Tháng 02/2022","https://docs.google.com/spreadsheets/d/e/2PACX-1vSR_w4N4FavsPkS8mqg2LwPTWo-mYOlc--QQPqq8seq_GFfxV9j8l-wcmcsAaqIwgFc-Kh3NCnWzvG_/pub?headers=false&gid=2019910690&output=csv","https://docs.google.com/spreadsheets/d/e/2PACX-1vSR_w4N4FavsPkS8mqg2LwPTWo-mYOlc--QQPqq8seq_GFfxV9j8l-wcmcsAaqIwgFc-Kh3NCnWzvG_/pubhtml/sheet?headers=false&gid=2019910690","Cột tham chiếu dư dữ liệu ngày - dữ liệu tổng hợp đầu sheet"
"Sao Kê Tháng 03/2022","https://docs.google.com/spreadsheets/d/e/2PACX-1vSR_w4N4FavsPkS8mqg2LwPTWo-mYOlc--QQPqq8seq_GFfxV9j8l-wcmcsAaqIwgFc-Kh3NCnWzvG_/pub?headers=false&gid=1535000691&output=csv","https://docs.google.com/spreadsheets/d/e/2PACX-1vSR_w4N4FavsPkS8mqg2LwPTWo-mYOlc--QQPqq8seq_GFfxV9j8l-wcmcsAaqIwgFc-Kh3NCnWzvG_/pubhtml/sheet?headers=false&gid=1535000691","Cột tham chiếu dư dữ liệu ngày - dữ liệu tổng hợp đầu sheet"
"Sao Kê Tháng 04/2022","https://docs.google.com/spreadsheets/d/e/2PACX-1vSR_w4N4FavsPkS8mqg2LwPTWo-mYOlc--QQPqq8seq_GFfxV9j8l-wcmcsAaqIwgFc-Kh3NCnWzvG_/pub?headers=false&gid=1327831512&output=csv","https://docs.google.com/spreadsheets/d/e/2PACX-1vSR_w4N4FavsPkS8mqg2LwPTWo-mYOlc--QQPqq8seq_GFfxV9j8l-wcmcsAaqIwgFc-Kh3NCnWzvG_/pubhtml/sheet?headers=false&gid=1327831512","Cột tham chiếu dư dữ liệu ngày - dữ liệu tổng hợp đầu sheet"
"Sao Kê Tháng 05/2022","https://docs.google.com/spreadsheets/d/e/2PACX-1vSR_w4N4FavsPkS8mqg2LwPTWo-mYOlc--QQPqq8seq_GFfxV9j8l-wcmcsAaqIwgFc-Kh3NCnWzvG_/pub?headers=false&gid=604699612&output=csv","https://docs.google.com/spreadsheets/d/e/2PACX-1vSR_w4N4FavsPkS8mqg2LwPTWo-mYOlc--QQPqq8seq_GFfxV9j8l-wcmcsAaqIwgFc-Kh3NCnWzvG_/pubhtml/sheet?headers=false&gid=604699612","Cột tham chiếu dư dữ liệu ngày - dữ liệu tổng hợp đầu sheet"
"Sao Kê Tháng 06/2022","https://docs.google.com/spreadsheets/d/e/2PACX-1vSR_w4N4FavsPkS8mqg2LwPTWo-mYOlc--QQPqq8seq_GFfxV9j8l-wcmcsAaqIwgFc-Kh3NCnWzvG_/pub?headers=false&gid=1004016463&output=csv","https://docs.google.com/spreadsheets/d/e/2PACX-1vSR_w4N4FavsPkS8mqg2LwPTWo-mYOlc--QQPqq8seq_GFfxV9j8l-wcmcsAaqIwgFc-Kh3NCnWzvG_/pubhtml/sheet?headers=false&gid=1004016463","Cột tham chiếu dư dữ liệu ngày - dữ liệu tổng hợp đầu sheet"
"Sao Kê Tháng 07/2022","https://docs.google.com/spreadsheets/d/e/2PACX-1vSR_w4N4FavsPkS8mqg2LwPTWo-mYOlc--QQPqq8seq_GFfxV9j8l-wcmcsAaqIwgFc-Kh3NCnWzvG_/pub?headers=false&gid=1004077773&output=csv","https://docs.google.com/spreadsheets/d/e/2PACX-1vSR_w4N4FavsPkS8mqg2LwPTWo-mYOlc--QQPqq8seq_GFfxV9j8l-wcmcsAaqIwgFc-Kh3NCnWzvG_/pubhtml/sheet?headers=false&gid=1004077773","Cột tham chiếu dư dữ liệu ngày - dữ liệu tổng hợp đầu sheet"
"Sao Kê Tháng 08/2022","https://docs.google.com/spreadsheets/d/e/2PACX-1vSR_w4N4FavsPkS8mqg2LwPTWo-mYOlc--QQPqq8seq_GFfxV9j8l-wcmcsAaqIwgFc-Kh3NCnWzvG_/pub?headers=false&gid=1263093726&output=csv","https://docs.google.com/spreadsheets/d/e/2PACX-1vSR_w4N4FavsPkS8mqg2LwPTWo-mYOlc--QQPqq8seq_GFfxV9j8l-wcmcsAaqIwgFc-Kh3NCnWzvG_/pubhtml/sheet?headers=false&gid=1263093726","Cột tham chiếu dư dữ liệu ngày - dữ liệu tổng hợp đầu sheet"
"Sao Kê Tháng 09/2022","https://docs.google.com/spreadsheets/d/e/2PACX-1vSR_w4N4FavsPkS8mqg2LwPTWo-mYOlc--QQPqq8seq_GFfxV9j8l-wcmcsAaqIwgFc-Kh3NCnWzvG_/pub?headers=false&gid=1900288546&output=csv","https://docs.google.com/spreadsheets/d/e/2PACX-1vSR_w4N4FavsPkS8mqg2LwPTWo-mYOlc--QQPqq8seq_GFfxV9j8l-wcmcsAaqIwgFc-Kh3NCnWzvG_/pubhtml/sheet?headers=false&gid=1900288546","Cột tham chiếu dư dữ liệu ngày - dữ liệu tổng hợp đầu sheet"
"Sao Kê Tháng 10/2022","https://docs.google.com/spreadsheets/d/e/2PACX-1vSR_w4N4FavsPkS8mqg2LwPTWo-mYOlc--QQPqq8seq_GFfxV9j8l-wcmcsAaqIwgFc-Kh3NCnWzvG_/pub?headers=false&gid=790697104&output=csv","https://docs.google.com/spreadsheets/d/e/2PACX-1vSR_w4N4FavsPkS8mqg2LwPTWo-mYOlc--QQPqq8seq_GFfxV9j8l-wcmcsAaqIwgFc-Kh3NCnWzvG_/pubhtml/sheet?headers=false&gid=790697104","Cột tham chiếu dư dữ liệu ngày - dữ liệu tổng hợp đầu sheet"
"Sao Kê Tháng 11/2022","https://docs.google.com/spreadsheets/d/e/2PACX-1vSR_w4N4FavsPkS8mqg2LwPTWo-mYOlc--QQPqq8seq_GFfxV9j8l-wcmcsAaqIwgFc-Kh3NCnWzvG_/pub?headers=false&gid=1847706489&output=csv","https://docs.google.com/spreadsheets/d/e/2PACX-1vSR_w4N4FavsPkS8mqg2LwPTWo-mYOlc--QQPqq8seq_GFfxV9j8l-wcmcsAaqIwgFc-Kh3NCnWzvG_/pubhtml/sheet?headers=false&gid=1847706489","Cột tham chiếu dư dữ liệu ngày - dữ liệu tổng hợp đầu sheet"
"Sao Kê Tháng 12/2022","https://docs.google.com/spreadsheets/d/e/2PACX-1vSR_w4N4FavsPkS8mqg2LwPTWo-mYOlc--QQPqq8seq_GFfxV9j8l-wcmcsAaqIwgFc-Kh3NCnWzvG_/pub?headers=false&gid=16075196&output=csv","https://docs.google.com/spreadsheets/d/e/2PACX-1vSR_w4N4FavsPkS8mqg2LwPTWo-mYOlc--QQPqq8seq_GFfxV9j8l-wcmcsAaqIwgFc-Kh3NCnWzvG_/pubhtml/sheet?headers=false&gid=16075196","Cột tham chiếu dư dữ liệu ngày - dữ liệu tổng hợp đầu sheet"
"Sao Kê Tháng 01/2023","https://docs.google.com/spreadsheets/u/1/d/e/2PACX-1vRlbfNP-6MwxRO27BZcMkGbty7whKOqi3t8JZO_VSrkt80Yt_jEgQMjjHYb2b2HeEP_ovYb5wLeq81_/pub?gid=377723382&single=true&output=csv","https://docs.google.com/spreadsheets/u/1/d/e/2PACX-1vRlbfNP-6MwxRO27BZcMkGbty7whKOqi3t8JZO_VSrkt80Yt_jEgQMjjHYb2b2HeEP_ovYb5wLeq81_/pubhtml?gid=377723382&single=true","Cột tham chiếu dư dữ liệu ngày - dữ liệu tổng hợp đầu sheet"
"Sao Kê Tháng 02/2023","https://docs.google.com/spreadsheets/u/1/d/e/2PACX-1vRlbfNP-6MwxRO27BZcMkGbty7whKOqi3t8JZO_VSrkt80Yt_jEgQMjjHYb2b2HeEP_ovYb5wLeq81_/pub?gid=610452646&single=true&output=csv","https://docs.google.com/spreadsheets/u/1/d/e/2PACX-1vRlbfNP-6MwxRO27BZcMkGbty7whKOqi3t8JZO_VSrkt80Yt_jEgQMjjHYb2b2HeEP_ovYb5wLeq81_/pubhtml?gid=610452646&single=true","Cột tham chiếu dư dữ liệu ngày - dữ liệu tổng hợp đầu sheet"
"Sao Kê Tháng 04/2023","https://docs.google.com/spreadsheets/u/1/d/e/2PACX-1vRlbfNP-6MwxRO27BZcMkGbty7whKOqi3t8JZO_VSrkt80Yt_jEgQMjjHYb2b2HeEP_ovYb5wLeq81_/pub?gid=1169040277&single=true&output=csv","https://docs.google.com/spreadsheets/u/1/d/e/2PACX-1vRlbfNP-6MwxRO27BZcMkGbty7whKOqi3t8JZO_VSrkt80Yt_jEgQMjjHYb2b2HeEP_ovYb5wLeq81_/pubhtml?gid=1169040277&single=true","Cột tham chiếu dư dữ liệu ngày - dữ liệu tổng hợp đầu sheet"
"Sao Kê Tháng 03/2023","https://docs.google.com/spreadsheets/u/1/d/e/2PACX-1vRlbfNP-6MwxRO27BZcMkGbty7whKOqi3t8JZO_VSrkt80Yt_jEgQMjjHYb2b2HeEP_ovYb5wLeq81_/pub?gid=1281546171&single=true&output=csv","https://docs.google.com/spreadsheets/u/1/d/e/2PACX-1vRlbfNP-6MwxRO27BZcMkGbty7whKOqi3t8JZO_VSrkt80Yt_jEgQMjjHYb2b2HeEP_ovYb5wLeq81_/pubhtml?gid=1281546171&single=true","Cột tham chiếu dư dữ liệu ngày - dữ liệu tổng hợp đầu sheet"
"Sao Kê Tháng 05/2023","https://docs.google.com/spreadsheets/u/1/d/e/2PACX-1vRlbfNP-6MwxRO27BZcMkGbty7whKOqi3t8JZO_VSrkt80Yt_jEgQMjjHYb2b2HeEP_ovYb5wLeq81_/pub?gid=1886010939&single=true&output=csv","https://docs.google.com/spreadsheets/u/1/d/e/2PACX-1vRlbfNP-6MwxRO27BZcMkGbty7whKOqi3t8JZO_VSrkt80Yt_jEgQMjjHYb2b2HeEP_ovYb5wLeq81_/pubhtml?gid=1886010939&single=true","Cột tham chiếu dư dữ liệu ngày - dữ liệu tổng hợp đầu sheet"
"Sao Kê Tháng 06/2023","https://docs.google.com/spreadsheets/u/1/d/e/2PACX-1vRlbfNP-6MwxRO27BZcMkGbty7whKOqi3t8JZO_VSrkt80Yt_jEgQMjjHYb2b2HeEP_ovYb5wLeq81_/pub?gid=59793641&single=true&output=csv", "https://docs.google.com/spreadsheets/u/1/d/e/2PACX-1vRlbfNP-6MwxRO27BZcMkGbty7whKOqi3t8JZO_VSrkt80Yt_jEgQMjjHYb2b2HeEP_ovYb5wLeq81_/pubhtml?gid=59793641&single=true","Cột tham chiếu dư dữ liệu ngày - dữ liệu tổng hợp đầu sheet"
"Sao Kê Tháng 07/2023","https://docs.google.com/spreadsheets/u/1/d/e/2PACX-1vRlbfNP-6MwxRO27BZcMkGbty7whKOqi3t8JZO_VSrkt80Yt_jEgQMjjHYb2b2HeEP_ovYb5wLeq81_/pub?gid=2050605634&single=true&output=csv","https://docs.google.com/spreadsheets/u/1/d/e/2PACX-1vRlbfNP-6MwxRO27BZcMkGbty7whKOqi3t8JZO_VSrkt80Yt_jEgQMjjHYb2b2HeEP_ovYb5wLeq81_/pubhtml?gid=2050605634&single=true","Cột tham chiếu dư dữ liệu ngày - dữ liệu tổng hợp đầu sheet"
"Sao Kê Tháng 08/2023","https://docs.google.com/spreadsheets/u/1/d/e/2PACX-1vRlbfNP-6MwxRO27BZcMkGbty7whKOqi3t8JZO_VSrkt80Yt_jEgQMjjHYb2b2HeEP_ovYb5wLeq81_/pub?gid=1447167668&single=true&output=csv","https://docs.google.com/spreadsheets/u/1/d/e/2PACX-1vRlbfNP-6MwxRO27BZcMkGbty7whKOqi3t8JZO_VSrkt80Yt_jEgQMjjHYb2b2HeEP_ovYb5wLeq81_/pubhtml?gid=1447167668&single=true","Cột tham chiếu dư dữ liệu ngày - dữ liệu tổng hợp đầu sheet"
"Sao Kê Tháng 09/2023","https://docs.google.com/spreadsheets/u/1/d/e/2PACX-1vRlbfNP-6MwxRO27BZcMkGbty7whKOqi3t8JZO_VSrkt80Yt_jEgQMjjHYb2b2HeEP_ovYb5wLeq81_/pub?gid=2000411197&single=true&output=csv","https://docs.google.com/spreadsheets/u/1/d/e/2PACX-1vRlbfNP-6MwxRO27BZcMkGbty7whKOqi3t8JZO_VSrkt80Yt_jEgQMjjHYb2b2HeEP_ovYb5wLeq81_/pubhtml?gid=2000411197&single=true","Cột tham chiếu dư dữ liệu ngày - dữ liệu tổng hợp đầu sheet"
"Sao Kê Tháng 10/2023","https://docs.google.com/spreadsheets/u/1/d/e/2PACX-1vRlbfNP-6MwxRO27BZcMkGbty7whKOqi3t8JZO_VSrkt80Yt_jEgQMjjHYb2b2HeEP_ovYb5wLeq81_/pub?gid=1282269093&single=true&output=csv","https://docs.google.com/spreadsheets/u/1/d/e/2PACX-1vRlbfNP-6MwxRO27BZcMkGbty7whKOqi3t8JZO_VSrkt80Yt_jEgQMjjHYb2b2HeEP_ovYb5wLeq81_/pubhtml?gid=1282269093&single=true","Cột tham chiếu dư dữ liệu ngày - dữ liệu tổng hợp đầu sheet"
"Sao Kê Tháng 11/2023","https://docs.google.com/spreadsheets/u/1/d/e/2PACX-1vRlbfNP-6MwxRO27BZcMkGbty7whKOqi3t8JZO_VSrkt80Yt_jEgQMjjHYb2b2HeEP_ovYb5wLeq81_/pub?gid=523837213&single=true&output=csv","https://docs.google.com/spreadsheets/u/1/d/e/2PACX-1vRlbfNP-6MwxRO27BZcMkGbty7whKOqi3t8JZO_VSrkt80Yt_jEgQMjjHYb2b2HeEP_ovYb5wLeq81_/pubhtml?gid=523837213&single=true","Cột tham chiếu dư dữ liệu ngày - dữ liệu tổng hợp đầu sheet"
"Sao Kê Tháng 12/2023","https://docs.google.com/spreadsheets/u/1/d/e/2PACX-1vRlbfNP-6MwxRO27BZcMkGbty7whKOqi3t8JZO_VSrkt80Yt_jEgQMjjHYb2b2HeEP_ovYb5wLeq81_/pub?gid=1228705484&single=true&output=csv","https://docs.google.com/spreadsheets/u/1/d/e/2PACX-1vRlbfNP-6MwxRO27BZcMkGbty7whKOqi3t8JZO_VSrkt80Yt_jEgQMjjHYb2b2HeEP_ovYb5wLeq81_/pubhtml?gid=1228705484&single=true","Cột tham chiếu dư dữ liệu ngày - dữ liệu tổng hợp đầu sheet"
"Sao Kê Tháng 01/2024","https://docs.google.com/spreadsheets/u/1/d/e/2PACX-1vTnOwvsP-YIc0iR5g-F_kc4kH7XGUwH9swLQHEa9tQ7SH4wWfLId9JAVga3DhMo6cYrrRQb10zMcI60/pub?gid=2079061669&single=true&output=csv","https://docs.google.com/spreadsheets/u/1/d/e/2PACX-1vTnOwvsP-YIc0iR5g-F_kc4kH7XGUwH9swLQHEa9tQ7SH4wWfLId9JAVga3DhMo6cYrrRQb10zMcI60/pubhtml?gid=2079061669&single=true","Cột tham chiếu dư dữ liệu ngày - dữ liệu tổng hợp đầu sheet"
"Sao Kê Tháng 02/2024","https://docs.google.com/spreadsheets/u/1/d/e/2PACX-1vTnOwvsP-YIc0iR5g-F_kc4kH7XGUwH9swLQHEa9tQ7SH4wWfLId9JAVga3DhMo6cYrrRQb10zMcI60/pub?gid=1324914520&single=true&output=csv","https://docs.google.com/spreadsheets/u/1/d/e/2PACX-1vTnOwvsP-YIc0iR5g-F_kc4kH7XGUwH9swLQHEa9tQ7SH4wWfLId9JAVga3DhMo6cYrrRQb10zMcI60/pubhtml?gid=1324914520&single=true",""
"Sao Kê Tháng 04/2024","https://docs.google.com/spreadsheets/u/1/d/e/2PACX-1vTnOwvsP-YIc0iR5g-F_kc4kH7XGUwH9swLQHEa9tQ7SH4wWfLId9JAVga3DhMo6cYrrRQb10zMcI60/pub?gid=623671994&single=true&output=csv","https://docs.google.com/spreadsheets/u/1/d/e/2PACX-1vTnOwvsP-YIc0iR5g-F_kc4kH7XGUwH9swLQHEa9tQ7SH4wWfLId9JAVga3DhMo6cYrrRQb10zMcI60/pubhtml?gid=623671994&single=true",""
"Sao Kê Tháng 03/2024","https://docs.google.com/spreadsheets/u/1/d/e/2PACX-1vTnOwvsP-YIc0iR5g-F_kc4kH7XGUwH9swLQHEa9tQ7SH4wWfLId9JAVga3DhMo6cYrrRQb10zMcI60/pub?gid=2007103659&single=true&output=csv","https://docs.google.com/spreadsheets/u/1/d/e/2PACX-1vTnOwvsP-YIc0iR5g-F_kc4kH7XGUwH9swLQHEa9tQ7SH4wWfLId9JAVga3DhMo6cYrrRQb10zMcI60/pubhtml?gid=2007103659&single=true",""
"Sao Kê Tháng 05/2024","https://docs.google.com/spreadsheets/u/1/d/e/2PACX-1vTnOwvsP-YIc0iR5g-F_kc4kH7XGUwH9swLQHEa9tQ7SH4wWfLId9JAVga3DhMo6cYrrRQb10zMcI60/pub?gid=1449770741&single=true&output=csv","https://docs.google.com/spreadsheets/u/1/d/e/2PACX-1vTnOwvsP-YIc0iR5g-F_kc4kH7XGUwH9swLQHEa9tQ7SH4wWfLId9JAVga3DhMo6cYrrRQb10zMcI60/pubhtml?gid=1449770741&single=true",""
"Sao Kê Tháng 06/2024","https://docs.google.com/spreadsheets/u/1/d/e/2PACX-1vTnOwvsP-YIc0iR5g-F_kc4kH7XGUwH9swLQHEa9tQ7SH4wWfLId9JAVga3DhMo6cYrrRQb10zMcI60/pub?gid=678007166&single=true&output=csv","https://docs.google.com/spreadsheets/u/1/d/e/2PACX-1vTnOwvsP-YIc0iR5g-F_kc4kH7XGUwH9swLQHEa9tQ7SH4wWfLId9JAVga3DhMo6cYrrRQb10zMcI60/pubhtml?gid=678007166&single=true",""
"Sao Kê Tháng 07/2024","https://docs.google.com/spreadsheets/u/1/d/e/2PACX-1vTnOwvsP-YIc0iR5g-F_kc4kH7XGUwH9swLQHEa9tQ7SH4wWfLId9JAVga3DhMo6cYrrRQb10zMcI60/pub?gid=1375490992&single=true&output=csv","https://docs.google.com/spreadsheets/u/1/d/e/2PACX-1vTnOwvsP-YIc0iR5g-F_kc4kH7XGUwH9swLQHEa9tQ7SH4wWfLId9JAVga3DhMo6cYrrRQb10zMcI60/pubhtml?gid=1375490992&single=true", ""
"Sao Kê Tháng 08/2024","https://docs.google.com/spreadsheets/u/1/d/e/2PACX-1vTnOwvsP-YIc0iR5g-F_kc4kH7XGUwH9swLQHEa9tQ7SH4wWfLId9JAVga3DhMo6cYrrRQb10zMcI60/pub?gid=215253075&single=true&output=csv","https://docs.google.com/spreadsheets/u/1/d/e/2PACX-1vTnOwvsP-YIc0iR5g-F_kc4kH7XGUwH9swLQHEa9tQ7SH4wWfLId9JAVga3DhMo6cYrrRQb10zMcI60/pubhtml?gid=215253075&single=true", ""
"Sao Kê Tháng 09/2024","https://docs.google.com/spreadsheets/u/1/d/e/2PACX-1vTnOwvsP-YIc0iR5g-F_kc4kH7XGUwH9swLQHEa9tQ7SH4wWfLId9JAVga3DhMo6cYrrRQb10zMcI60/pub?gid=1980531875&single=true&output=csv","https://docs.google.com/spreadsheets/u/1/d/e/2PACX-1vTnOwvsP-YIc0iR5g-F_kc4kH7XGUwH9swLQHEa9tQ7SH4wWfLId9JAVga3DhMo6cYrrRQb10zMcI60/pubhtml?gid=1980531875&single=true", ""
"Sao Kê Tháng 10/2024","https://docs.google.com/spreadsheets/u/1/d/e/2PACX-1vTnOwvsP-YIc0iR5g-F_kc4kH7XGUwH9swLQHEa9tQ7SH4wWfLId9JAVga3DhMo6cYrrRQb10zMcI60/pub?gid=10152024&single=true&output=csv","https://docs.google.com/spreadsheets/u/1/d/e/2PACX-1vTnOwvsP-YIc0iR5g-F_kc4kH7XGUwH9swLQHEa9tQ7SH4wWfLId9JAVga3DhMo6cYrrRQb10zMcI60/pubhtml?gid=10152024&single=true", ""
"Sao Kê Tháng 11/2024","https://docs.google.com/spreadsheets/u/1/d/e/2PACX-1vTnOwvsP-YIc0iR5g-F_kc4kH7XGUwH9swLQHEa9tQ7SH4wWfLId9JAVga3DhMo6cYrrRQb10zMcI60/pub?gid=1575380382&single=true&output=csv","https://docs.google.com/spreadsheets/u/1/d/e/2PACX-1vTnOwvsP-YIc0iR5g-F_kc4kH7XGUwH9swLQHEa9tQ7SH4wWfLId9JAVga3DhMo6cYrrRQb10zMcI60/pubhtml?gid=1575380382&single=true", ""
"Sao Kê Tháng 12/2024","https://docs.google.com/spreadsheets/u/1/d/e/2PACX-1vSMCKM1jja_rskSEFc3M748WzqBWmx1wUa6E_HRn5dhapmuVwEJGDYjgFjLICZz8A/pub?gid=1553842098&single=true&output=csv","https://docs.google.com/spreadsheets/u/1/d/e/2PACX-1vSMCKM1jja_rskSEFc3M748WzqBWmx1wUa6E_HRn5dhapmuVwEJGDYjgFjLICZz8A/pubhtml?gid=1553842098&single=true","File excel upload .xlsx"
"Sao Kê Tháng 01/2025","https://docs.google.com/spreadsheets/d/e/2PACX-1vRV9B3VCZ8SjGHsh671Hbj-AA8Wz7YMqHgbKyHttKIGVMOCfhomjFb2K7G-0DAo4Ey5Dq9UYTnuYu4a/pub?headers=false&gid=956504725&output=csv","https://docs.google.com/spreadsheets/d/e/2PACX-1vRV9B3VCZ8SjGHsh671Hbj-AA8Wz7YMqHgbKyHttKIGVMOCfhomjFb2K7G-0DAo4Ey5Dq9UYTnuYu4a/pubhtml/sheet?headers=false&gid=956504725","Cột tham chiếu dư dữ liệu ngày - dữ liệu tổng hợp đầu sheet"
"Sao Kê Tháng 02/2025","https://docs.google.com/spreadsheets/d/e/2PACX-1vRV9B3VCZ8SjGHsh671Hbj-AA8Wz7YMqHgbKyHttKIGVMOCfhomjFb2K7G-0DAo4Ey5Dq9UYTnuYu4a/pub?headers=false&gid=1854227330&output=csv","https://docs.google.com/spreadsheets/d/e/2PACX-1vRV9B3VCZ8SjGHsh671Hbj-AA8Wz7YMqHgbKyHttKIGVMOCfhomjFb2K7G-0DAo4Ey5Dq9UYTnuYu4a/pubhtml/sheet?headers=false&gid=1854227330","Cột tham chiếu dư dữ liệu ngày - dữ liệu tổng hợp đầu sheet"
"Sao Kê Tháng 04/2025","https://docs.google.com/spreadsheets/d/e/2PACX-1vRV9B3VCZ8SjGHsh671Hbj-AA8Wz7YMqHgbKyHttKIGVMOCfhomjFb2K7G-0DAo4Ey5Dq9UYTnuYu4a/pub?headers=false&gid=1638406705&output=csv","https://docs.google.com/spreadsheets/d/e/2PACX-1vRV9B3VCZ8SjGHsh671Hbj-AA8Wz7YMqHgbKyHttKIGVMOCfhomjFb2K7G-0DAo4Ey5Dq9UYTnuYu4a/pubhtml/sheet?headers=false&gid=1638406705","Cột tham chiếu dư dữ liệu ngày - dữ liệu tổng hợp đầu sheet"
"Sao Kê Tháng 03/2025","https://docs.google.com/spreadsheets/d/e/2PACX-1vRV9B3VCZ8SjGHsh671Hbj-AA8Wz7YMqHgbKyHttKIGVMOCfhomjFb2K7G-0DAo4Ey5Dq9UYTnuYu4a/pub?headers=false&gid=757135936&output=csv","https://docs.google.com/spreadsheets/d/e/2PACX-1vRV9B3VCZ8SjGHsh671Hbj-AA8Wz7YMqHgbKyHttKIGVMOCfhomjFb2K7G-0DAo4Ey5Dq9UYTnuYu4a/pubhtml/sheet?headers=false&gid=757135936","Cột tham chiếu dư dữ liệu ngày - dữ liệu tổng hợp đầu sheet"
"Sao Kê Tháng 05/2025","https://docs.google.com/spreadsheets/d/e/2PACX-1vRV9B3VCZ8SjGHsh671Hbj-AA8Wz7YMqHgbKyHttKIGVMOCfhomjFb2K7G-0DAo4Ey5Dq9UYTnuYu4a/pub?headers=false&gid=1897064961&output=csv","https://docs.google.com/spreadsheets/d/e/2PACX-1vRV9B3VCZ8SjGHsh671Hbj-AA8Wz7YMqHgbKyHttKIGVMOCfhomjFb2K7G-0DAo4Ey5Dq9UYTnuYu4a/pubhtml/sheet?headers=false&gid=1897064961","Cột tham chiếu dư dữ liệu ngày - dữ liệu tổng hợp đầu sheet"
"Sao Kê Tháng 06/2025","https://docs.google.com/spreadsheets/d/e/2PACX-1vRV9B3VCZ8SjGHsh671Hbj-AA8Wz7YMqHgbKyHttKIGVMOCfhomjFb2K7G-0DAo4Ey5Dq9UYTnuYu4a/pub?headers=false&gid=515253184&output=csv","https://docs.google.com/spreadsheets/d/e/2PACX-1vRV9B3VCZ8SjGHsh671Hbj-AA8Wz7YMqHgbKyHttKIGVMOCfhomjFb2K7G-0DAo4Ey5Dq9UYTnuYu4a/pubhtml/sheet?headers=false&gid=515253184","Cột tham chiếu dư dữ liệu ngày - dữ liệu tổng hợp đầu sheet"
"Sao Kê Tháng 07/2025","https://docs.google.com/spreadsheets/d/e/2PACX-1vRV9B3VCZ8SjGHsh671Hbj-AA8Wz7YMqHgbKyHttKIGVMOCfhomjFb2K7G-0DAo4Ey5Dq9UYTnuYu4a/pub?headers=false&gid=36287524&output=csv","https://docs.google.com/spreadsheets/d/e/2PACX-1vRV9B3VCZ8SjGHsh671Hbj-AA8Wz7YMqHgbKyHttKIGVMOCfhomjFb2K7G-0DAo4Ey5Dq9UYTnuYu4a/pubhtml/sheet?headers=false&gid=36287524","Cột tham chiếu dư dữ liệu ngày - dữ liệu tổng hợp đầu sheet"
"Sao Kê Tháng 08/2025","https://docs.google.com/spreadsheets/d/e/2PACX-1vRV9B3VCZ8SjGHsh671Hbj-AA8Wz7YMqHgbKyHttKIGVMOCfhomjFb2K7G-0DAo4Ey5Dq9UYTnuYu4a/pub?headers=false&gid=94798674&output=csv","https://docs.google.com/spreadsheets/d/e/2PACX-1vRV9B3VCZ8SjGHsh671Hbj-AA8Wz7YMqHgbKyHttKIGVMOCfhomjFb2K7G-0DAo4Ey5Dq9UYTnuYu4a/pubhtml/sheet?headers=false&gid=94798674","Cột tham chiếu dư dữ liệu ngày - dữ liệu tổng hợp đầu sheet"
"Sao Kê Tháng 09/2025","https://docs.google.com/spreadsheets/d/e/2PACX-1vT8siRsAp_QD9Ae2hIBJMULZvw7RmqxvxzytoxIyZB3SyFcaabEBXfU-51HFFgWcgztZ1HBeYqKkxR4/pub?headers=false&gid=1345421968&output=csv","https://docs.google.com/spreadsheets/d/e/2PACX-1vT8siRsAp_QD9Ae2hIBJMULZvw7RmqxvxzytoxIyZB3SyFcaabEBXfU-51HFFgWcgztZ1HBeYqKkxR4/pubhtml/sheet?headers=false&gid=1345421968","Cột tham chiếu dư dữ liệu ngày - dữ liệu tổng hợp đầu sheet"
"Sao Kê Tháng 10/2025","https://docs.google.com/spreadsheets/d/e/2PACX-1vRV9B3VCZ8SjGHsh671Hbj-AA8Wz7YMqHgbKyHttKIGVMOCfhomjFb2K7G-0DAo4Ey5Dq9UYTnuYu4a/pub?headers=false&gid=1496504521&output=csv","https://docs.google.com/spreadsheets/d/e/2PACX-1vRV9B3VCZ8SjGHsh671Hbj-AA8Wz7YMqHgbKyHttKIGVMOCfhomjFb2K7G-0DAo4Ey5Dq9UYTnuYu4a/pubhtml/sheet?headers=false&gid=1496504521","Cột tham chiếu dư dữ liệu ngày - dữ liệu tổng hợp đầu sheet"
"Sao Kê Tháng 11/2025","https://docs.google.com/spreadsheets/d/e/2PACX-1vRV9B3VCZ8SjGHsh671Hbj-AA8Wz7YMqHgbKyHttKIGVMOCfhomjFb2K7G-0DAo4Ey5Dq9UYTnuYu4a/pub?headers=false&gid=2138976967&output=csv","https://docs.google.com/spreadsheets/d/e/2PACX-1vRV9B3VCZ8SjGHsh671Hbj-AA8Wz7YMqHgbKyHttKIGVMOCfhomjFb2K7G-0DAo4Ey5Dq9UYTnuYu4a/pubhtml/sheet?headers=false&gid=2138976967","Cột tham chiếu dư dữ liệu ngày - dữ liệu tổng hợp đầu sheet"